iteration,root
1,-2
2,-0.785714154.545
3,-0.0722423987.61
4,0.300458124.044
5,0.44644632.7
6,0.4736115.73564
7,0.474571
