iteration,root
1,0.5
2,0.4736845.55555
3,0.474571
