iteration,root
1,3
2,1.5555692.8571
3,1.3908411.843
4,1.369511.5573
5,1.3691
