iteration,root
1,5
2,7.7142935.1852
3,6.6477216.044
4,6.228696.72747
5,6.158261.14367
6,6.15633
